,start,finish,path distance
0,"(42.310665, -6.207228)","(42.30961, -6.201653)",0.4743471438246015 km
1,"(42.30961, -6.201653)","(42.310527, -6.20393)",0.21358586773159874 km
