Coordenadas, Calidad
[42.310665, -6.207228], 4
[42.30961,	-6.201653], 6
[42.310527,	-6.20393], 9